algorithm,method,n_criteria,status,n_solutions,repetitions,mean_ms,std_ms,median_ms,iqr_ms,mean_score_excess
direct,RTOPSIS,1,ok,200,200,16.87453850041493,3.2776381928288747,16.3650000031339,2.9891250051150564,4.999999998478444e-07
lexicographic,RTOPSIS,2,ok,200,200,21.18325749936048,3.375003338700914,20.602450000296813,3.573375000996748,6.92687206149678e-07
lexicographic,SAW,2,ok,200,200,17.421552000087104,2.9968926878861746,17.048500005330425,3.822374990704702,1.472174870897902e-07
lexicographic,VIKOR,2,ok,200,200,43.55855750043702,6.887644247326188,42.182149991276674,8.373799992114073,7.009460103457599e-07
lexicographic,COPRAS,2,ok,200,200,18.78951299971959,2.7754682227460417,18.53734999895096,3.6453249922487885,1.472174870897902e-07
lexicographic,ARAS,2,ok,200,200,18.106440498740994,3.301467402967804,17.814150000049267,3.6498249937721994,4.4165246126937063e-08
lexicographic,WASPAS,2,ok,200,200,18.39859100000467,4.003765189909142,17.85060000838712,3.3140250052383635,3.037164997277131e-08
lexicographic,RTOPSIS,4,ok,200,200,20.270569500280544,3.8564095876325,20.20624999568099,3.8187999998626765,6.92687206149678e-07
lexicographic,SAW,4,ok,200,200,17.293572499766015,2.8128207038361546,17.05454999319045,3.434399994148407,1.472174870897902e-07
lexicographic,VIKOR,4,ok,200,200,42.58372300027986,6.351303829994171,42.43605000374373,7.186599992564879,7.009460103457599e-07
lexicographic,COPRAS,4,ok,200,200,18.054633500578348,3.0124035175819337,17.828949996328447,3.5546499893825967,1.472174870897902e-07
lexicographic,ARAS,4,ok,200,200,17.75177149953379,2.6347731718249934,17.48520000546705,3.4964249971380923,4.4165246126937063e-08
lexicographic,WASPAS,4,ok,200,200,17.333230999938678,3.3580710956556046,17.17314999405062,3.9089250021788757,3.037164997277131e-08
lexicographic,RTOPSIS,7,ok,200,200,21.49832549963321,3.8349342782020317,20.925849996274337,4.016099996078992,2.7836176275108926e-07
lexicographic,SAW,7,ok,200,200,17.34523099992657,2.863910084269209,17.222800001036376,3.422325007704785,4.513151132812254e-07
lexicographic,VIKOR,7,ok,200,200,37.18301699998847,5.16052707174744,36.944750005204696,4.620675001206109,6.722579083406899e-07
lexicographic,COPRAS,7,ok,200,200,19.59552450090996,3.9904765785449814,18.69270000315737,4.48415000573732,4.513151132812254e-07
lexicographic,ARAS,7,ok,200,200,20.397820499711088,4.870962642506798,19.24114999565063,5.038475002947962,1.3539453402877655e-07
lexicographic,WASPAS,7,ok,200,200,20.40472599925124,3.2828205385698737,19.80570000159787,3.7869749903620686,4.611408332966249e-07
nlp,RTOPSIS,2,ok,200,200,103.68227050013957,10.662691502294882,103.53879999456694,12.620000008610077,9.933608415835238e-07
nlp,SAW,2,ok,200,200,90.62186499984819,6.91888067336769,90.18310000101337,10.165075003897073,1.000000000139778e-06
nlp,VIKOR,2,ok,200,200,96.52539000067918,7.828005587936125,95.94824999658158,9.823474996665027,9.999999996956888e-07
nlp,COPRAS,2,ok,200,200,89.15826300071785,7.427823613841562,88.71465000265744,9.189974996843375,1.000000000139778e-06
nlp,ARAS,2,ok,200,200,83.02980500026024,7.701430326047835,81.84795000124723,11.083350003900705,1.0000000000287557e-06
nlp,WASPAS,2,ok,200,200,87.22871750032937,6.99809013374109,86.56165000138571,10.583299997961149,9.835358603105249e-07
nlp,RTOPSIS,4,ok,200,200,119.63860999967437,8.097785396628371,117.98084999463754,11.298249999526888,5.866550145672278e-07
nlp,SAW,4,ok,200,200,90.86875750064792,6.757335134823061,90.5648999978439,9.383224991324823,1.000000000139778e-06
nlp,VIKOR,4,ok,200,200,100.5253154996899,6.980481333106619,99.76725000160513,10.849600010260474,9.999999996956888e-07
nlp,COPRAS,4,ok,200,200,95.35674750048202,8.788605203291192,94.17534999374766,10.781975004647393,1.000000000139778e-06
nlp,ARAS,4,ok,200,200,93.68662650034821,6.8404185135499604,93.92505000141682,8.96957498480333,1.0000000000287557e-06
nlp,WASPAS,4,ok,200,200,86.83212449970597,6.77427251802644,86.66544999869075,10.548324997216696,7.418217716770314e-07
nlp,RTOPSIS,7,ok,200,200,116.52409199894464,8.559843594495849,116.349750001973,10.67469999907189,3.460794508747256e-07
nlp,SAW,7,ok,200,200,99.37246850007796,8.496333325499366,98.39644999738084,9.486575003393227,1.0000000005838672e-06
nlp,VIKOR,7,ok,200,200,110.8894490005332,6.700093813942708,109.61834999761777,9.801374999369727,9.999999996956888e-07
nlp,COPRAS,7,ok,200,200,100.45006399996055,6.382884255177996,99.74384999077301,8.450300003460143,1.0000000005838672e-06
nlp,ARAS,7,ok,200,200,101.94152849988313,9.222693948280742,100.50110000156565,8.622400000604102,9.999999999177334e-07
nlp,WASPAS,7,ok,200,200,104.81581549916882,8.048881680539836,103.77945000072941,8.832125015032943,7.76106174327218e-07
evolutionary,RTOPSIS,2,ok,30,30,60157.11984333223,2702.1118903334714,60208.64334999351,1947.5952249995316,2.5477199712131693e-06
evolutionary,SAW,2,ok,30,30,56759.78216333267,478.1904305240726,56659.07475000131,607.2067499917466,9.687884259701462e-06
evolutionary,VIKOR,2,ok,30,30,52075.1243366661,12264.078473972086,58082.68475000659,19096.479024989094,7.933409345872722e-05
evolutionary,COPRAS,2,ok,30,30,59430.46615333345,1826.5058917394863,58898.02470000723,2090.563125002518,9.687884259701462e-06
evolutionary,ARAS,2,ok,30,30,60376.90943333437,1717.9848252444833,59772.045000005164,359.6139499968558,2.9063652778882343e-06
evolutionary,WASPAS,2,ok,30,30,59702.173546663835,277.64678583531526,59668.76054999739,165.94032499051536,1.8160892269802886e-05
wm,RTOPSIS,7,ok,200,200,1089.3367499996384,33.27132410702224,1090.8378000021912,44.643399996857625,8.793134312901074e-07
